STUDENT ID,Student Age,Sex,Graduated high-school type,Scholarship type,Additional work,Regular artistic or sports activity,Do you have a partner,Total salary if available,Transportation to the university,Accommodation type in Cyprus,Mother’s education,Father’s education ,Number of sisters/brothers,Parental status,Mother’s occupation,Father’s occupation,Weekly study hours,Reading frequency,Reading frequency.1,Attendance to the seminars/conferences related to the department,Impact of your projects/activities on your success,Attendance to classes,Preparation to midterm exams 1,Preparation to midterm exams 2,Taking notes in classes,Listening in classes,Discussion improves my interest and success in the course,Flip-classroom,Cumulative grade point average in the last semester (/4.00),Expected Cumulative grade point average in the graduation (/4.00),COURSE ID,GRADE,is_outlier
STUDENT1,2.0,2.0,2.0,3.0,1.0,2.0,2.0,1.0,1.0,1.0,1.0,2.0,3.0,1.0,2.0,5.0,3.0,2.0,2.0,1.0,1.0,1.0,1.0,1.0,3.0,2.0,1.0,2.0,1.0,1.0,1.0,1.0,True
STUDENT2,2.0,2.0,2.0,3.0,1.0,2.0,2.0,1.0,1.0,1.0,2.0,3.0,2.0,1.0,2.0,1.0,2.0,2.0,2.0,1.0,1.0,1.0,1.0,1.0,3.0,2.0,3.0,2.0,2.0,3.0,1.0,1.0,True
STUDENT3,2.0,2.0,2.0,3.0,2.0,2.0,2.0,2.0,3.5,2.0,2.0,2.0,2.0,1.0,2.0,1.0,2.0,2.0,2.0,1.0,1.0,1.0,1.0,1.0,2.0,2.0,1.0,1.0,2.0,2.0,1.0,1.0,True
STUDENT4,1.0,1.0,2.0,3.0,1.0,2.0,1.0,2.0,1.0,2.0,1.0,2.0,5.0,1.0,2.0,1.0,3.0,2.0,2.0,1.0,1.0,1.0,1.0,1.0,3.0,2.0,2.0,1.0,3.0,2.0,1.0,1.0,True
STUDENT5,2.0,2.0,2.0,3.0,2.0,2.0,1.0,3.0,1.0,3.5,3.0,3.0,2.0,1.0,2.0,4.0,2.0,2.0,2.0,1.0,1.0,1.0,2.0,1.0,2.0,2.0,2.0,1.0,2.0,2.0,1.0,1.0,True
STUDENT6,2.0,2.0,2.0,3.0,2.0,2.0,2.0,2.0,1.0,1.0,3.0,3.0,2.0,1.0,2.0,3.0,1.0,2.0,2.0,1.0,1.0,1.0,1.0,1.0,1.0,2.0,1.0,2.0,4.0,4.0,1.0,2.0,True
STUDENT7,1.0,2.0,2.0,4.0,2.0,2.0,2.0,1.0,1.0,3.0,1.0,3.0,1.0,1.0,2.0,4.0,2.0,2.0,2.0,1.0,1.0,1.0,1.0,1.0,3.0,3.0,3.0,3.0,4.0,4.0,1.0,5.0,True
STUDENT8,1.0,1.0,2.0,3.0,1.0,1.0,1.0,2.0,2.0,3.0,4.0,3.0,1.0,1.0,2.0,3.0,1.0,2.0,2.0,1.0,1.0,1.0,3.0,1.0,3.0,2.0,2.0,1.0,1.0,1.0,1.0,2.0,True
STUDENT9,2.0,1.0,2.0,3.0,2.0,1.0,1.0,1.0,1.0,3.0,2.0,4.0,2.0,1.0,2.0,4.0,1.0,2.0,2.0,1.0,1.0,1.0,1.0,1.0,3.0,2.0,2.0,2.0,4.0,3.0,1.0,5.0,True
STUDENT10,2.0,1.0,2.0,3.0,2.0,2.0,1.0,3.0,3.5,2.0,1.0,2.0,3.0,1.0,2.0,3.0,2.0,2.0,2.0,1.0,1.0,1.0,1.0,1.0,2.0,2.0,2.0,2.0,1.0,2.0,1.0,0.0,True
STUDENT11,1.0,1.0,2.0,3.0,2.0,2.0,2.0,3.0,2.0,3.0,3.0,4.0,2.0,1.0,2.0,2.0,1.0,2.0,2.0,1.0,1.0,1.0,1.0,1.0,2.0,2.0,2.0,2.0,1.0,1.0,1.0,2.0,True
STUDENT12,1.0,1.0,2.0,4.0,1.0,1.0,2.0,3.5,2.0,3.0,5.0,4.5,1.0,1.0,2.0,2.0,3.0,2.0,2.0,1.0,1.0,1.0,3.0,1.0,3.0,1.0,3.0,3.0,4.0,3.0,1.0,0.0,True
STUDENT13,1.0,1.0,2.0,4.0,2.0,2.0,2.0,1.0,1.0,1.0,3.0,4.5,4.0,1.0,2.0,2.0,3.0,2.0,2.0,1.0,1.0,1.0,1.0,1.0,2.0,2.0,2.0,3.0,4.0,2.0,1.0,0.0,True
STUDENT14,2.0,1.0,2.0,5.0,2.0,2.0,2.0,1.0,1.0,1.0,2.0,2.0,2.0,1.0,2.0,3.0,1.0,2.0,2.0,1.0,1.0,1.0,1.0,1.0,3.0,2.0,3.0,3.0,4.0,2.0,1.0,1.0,True
STUDENT15,3.0,2.0,2.0,4.0,1.0,1.0,2.0,3.0,3.5,2.0,3.0,1.0,2.0,1.0,2.0,1.0,2.0,2.0,2.0,1.0,1.0,1.0,1.0,1.0,2.0,3.0,2.0,1.0,4.0,4.0,1.0,2.0,True
STUDENT16,2.0,2.0,2.0,3.0,2.0,2.0,2.0,1.0,1.0,2.0,4.0,4.0,2.0,1.0,2.0,1.0,2.0,2.0,2.0,1.0,1.0,1.0,1.0,1.0,3.0,2.0,2.0,3.0,2.0,2.0,1.0,2.0,True
STUDENT17,1.0,1.0,2.0,5.0,2.0,1.0,2.0,1.0,1.0,1.0,2.0,2.0,4.0,1.0,2.0,3.0,2.0,2.0,2.0,1.0,1.0,1.0,1.0,1.0,3.0,2.0,3.0,3.0,4.0,3.0,1.0,1.0,True
STUDENT18,2.0,2.0,2.0,3.0,2.0,2.0,2.0,1.0,1.0,1.0,2.0,2.0,2.0,1.0,2.0,1.0,2.0,2.0,2.0,1.0,1.0,1.0,1.0,1.0,2.0,2.0,2.0,2.0,2.0,2.0,1.0,2.0,True
STUDENT19,1.0,1.0,2.0,4.0,2.0,2.0,2.0,3.0,1.0,1.0,2.0,2.0,5.0,1.0,2.0,5.0,4.5,2.0,2.0,1.0,1.0,1.0,1.0,1.0,3.0,1.0,3.0,3.0,3.0,3.0,1.0,2.0,True
STUDENT20,1.0,2.0,2.0,3.0,2.0,2.0,1.0,2.0,2.0,2.0,3.0,3.0,3.0,1.0,2.0,4.0,4.0,2.0,2.0,1.0,1.0,1.0,1.0,1.0,3.0,2.0,2.0,3.0,2.0,3.0,1.0,3.0,True
STUDENT21,1.0,2.0,2.0,5.0,1.0,2.0,1.0,1.0,3.5,2.0,3.0,3.0,3.0,1.0,2.0,3.0,4.0,2.0,2.0,1.0,1.0,1.0,1.0,1.0,3.0,1.0,2.0,3.0,4.0,4.0,1.0,1.0,True
STUDENT22,1.0,2.0,2.0,5.0,2.0,2.0,1.0,1.0,3.5,2.0,2.0,2.0,4.0,1.0,2.0,3.0,3.0,2.0,2.0,1.0,1.0,1.0,1.0,1.0,3.0,1.0,3.0,3.0,3.0,3.0,1.0,1.0,True
STUDENT23,2.0,2.0,2.0,3.0,1.0,2.0,1.0,1.0,1.0,1.0,1.0,1.0,4.0,1.0,2.0,4.0,3.0,2.0,2.0,1.0,1.0,1.0,1.0,1.0,3.0,1.0,2.0,3.0,3.0,3.0,1.0,3.0,True
STUDENT24,3.0,2.0,2.0,2.0,1.0,1.0,2.0,3.5,1.0,1.0,1.0,4.0,3.0,1.0,2.0,1.0,3.0,2.0,2.0,1.0,1.0,1.0,1.0,1.0,3.0,2.0,3.0,3.0,3.0,3.0,1.0,1.0,True
STUDENT25,2.0,2.0,2.0,3.0,2.0,2.0,2.0,2.0,1.0,1.0,3.0,1.0,3.0,1.0,2.0,4.0,1.0,2.0,2.0,1.0,1.0,1.0,1.0,1.0,2.0,1.0,3.0,2.0,4.0,4.0,1.0,2.0,False
STUDENT26,2.0,2.0,2.0,3.0,2.0,2.0,1.0,1.0,1.0,2.0,1.0,4.0,3.0,1.0,2.0,4.0,2.0,2.0,2.0,1.0,1.0,1.0,1.0,1.0,2.0,1.0,3.0,2.0,1.0,2.0,1.0,3.0,False
STUDENT27,2.0,2.0,2.0,3.0,2.0,1.0,1.0,1.0,1.0,1.0,4.0,4.0,4.0,1.0,2.0,4.0,2.0,2.0,2.0,1.0,1.0,1.0,1.0,1.0,3.0,3.0,3.0,2.0,2.0,1.0,1.0,1.0,True
STUDENT28,1.0,2.0,2.0,3.0,1.0,2.0,2.0,1.0,1.0,1.0,1.0,1.0,4.0,1.0,2.0,3.0,3.0,2.0,2.0,1.0,1.0,1.0,1.0,1.0,3.0,1.0,2.0,1.0,2.0,1.0,1.0,1.0,True
STUDENT29,3.0,2.0,2.0,3.0,2.0,2.0,1.0,1.0,3.5,2.0,2.0,2.0,4.0,1.0,2.0,1.0,2.0,2.0,2.0,1.0,1.0,1.0,1.0,1.0,3.0,2.0,3.0,3.0,5.0,4.0,1.0,3.0,True
STUDENT30,2.0,2.0,2.0,4.0,2.0,2.0,2.0,1.0,3.5,2.0,3.0,3.0,2.0,1.0,2.0,1.0,2.0,2.0,2.0,1.0,1.0,1.0,1.0,1.0,3.0,2.0,2.0,2.0,4.0,3.0,1.0,5.0,True
STUDENT31,2.0,2.0,2.0,5.0,1.0,1.0,1.0,1.0,1.0,2.0,1.0,1.0,5.0,1.0,2.0,4.0,2.0,2.0,2.0,1.0,1.0,1.0,2.0,1.0,2.0,3.0,3.0,3.0,5.0,4.0,1.0,5.0,False
STUDENT32,3.0,2.0,2.0,3.0,1.0,2.0,2.0,1.0,1.0,2.0,1.0,2.0,4.0,1.0,2.0,3.0,2.0,2.0,2.0,1.0,1.0,1.0,1.0,1.0,3.0,3.0,2.0,3.0,4.0,3.0,1.0,3.0,True
STUDENT33,2.0,1.0,2.0,3.0,2.0,2.0,2.0,2.0,1.0,1.0,2.0,2.0,2.0,1.0,2.0,1.0,2.0,2.0,2.0,1.0,1.0,1.0,1.0,1.0,2.0,2.0,2.0,1.0,2.0,3.0,1.0,1.0,True
STUDENT34,2.0,1.0,2.0,3.0,1.0,2.0,1.0,1.0,1.0,1.0,1.0,2.0,5.0,1.0,2.0,3.0,2.0,2.0,2.0,1.0,1.0,1.0,1.0,1.0,1.0,3.0,2.0,2.0,2.0,3.0,1.0,2.0,True
STUDENT35,1.0,2.0,2.0,3.0,2.0,2.0,1.0,2.0,1.0,1.0,3.0,3.0,3.0,1.0,2.0,4.0,2.0,2.0,2.0,1.0,1.0,1.0,1.0,1.0,2.0,2.0,3.0,1.0,4.0,1.0,1.0,2.0,True
STUDENT36,1.0,2.0,2.0,4.0,2.0,2.0,2.0,3.0,1.0,1.0,1.0,2.0,5.0,1.0,2.0,3.0,2.0,2.0,2.0,1.0,1.0,1.0,1.0,1.0,2.0,1.0,3.0,1.0,1.0,1.0,1.0,1.0,True
STUDENT37,2.0,2.0,2.0,4.0,1.0,2.0,1.0,3.0,1.0,1.0,1.0,1.0,2.0,1.0,2.0,3.0,1.0,2.0,2.0,1.0,1.0,1.0,2.0,1.0,2.0,1.0,2.0,1.0,4.0,3.0,1.0,2.0,True
STUDENT38,2.0,2.0,2.0,3.0,1.0,1.0,1.0,2.0,2.0,3.0,3.0,3.0,1.0,1.0,2.0,3.0,2.0,2.0,2.0,1.0,1.0,1.0,1.0,1.0,3.0,2.0,3.0,3.0,5.0,4.0,1.0,1.0,False
STUDENT39,2.0,2.0,2.0,5.0,2.0,2.0,2.0,1.0,1.0,1.0,3.0,3.0,1.0,1.0,2.0,4.0,3.0,2.0,2.0,1.0,1.0,1.0,2.0,1.0,2.0,2.0,2.0,2.0,4.0,3.0,1.0,2.0,False
STUDENT40,2.0,1.0,2.0,3.0,2.0,2.0,1.0,1.0,1.0,2.0,1.0,3.0,1.0,1.0,2.0,4.0,1.0,2.0,2.0,1.0,1.0,1.0,1.0,1.0,2.0,2.0,2.0,3.0,2.0,1.0,1.0,1.0,True
STUDENT41,1.0,2.0,2.0,3.0,2.0,2.0,2.0,2.0,1.0,1.0,2.0,3.0,1.0,1.0,2.0,5.0,1.0,2.0,2.0,1.0,1.0,1.0,1.0,1.0,3.0,1.0,2.0,1.0,2.0,3.0,1.0,1.0,True
STUDENT42,3.0,2.0,2.0,3.0,1.0,2.0,2.0,2.0,1.0,2.0,1.0,4.0,2.0,1.0,2.0,2.0,3.0,2.0,2.0,1.0,1.0,1.0,1.0,1.0,3.0,2.0,2.0,3.0,4.0,3.0,1.0,1.0,True
STUDENT43,2.0,2.0,2.0,3.0,2.0,1.0,2.0,1.0,3.5,2.0,4.0,4.0,2.0,1.0,2.0,1.0,2.0,2.0,2.0,1.0,1.0,1.0,1.0,1.0,2.0,1.0,3.0,1.0,2.0,3.0,1.0,1.0,True
STUDENT44,1.0,2.0,2.0,3.0,2.0,2.0,1.0,1.0,1.0,1.0,2.0,3.0,3.0,1.0,2.0,1.0,2.0,2.0,2.0,1.0,1.0,1.0,1.0,1.0,3.0,1.0,3.0,3.0,3.0,2.0,1.0,4.0,True
STUDENT45,2.0,2.0,2.0,3.0,2.0,2.0,1.0,1.0,1.0,1.0,1.0,3.0,2.0,1.0,2.0,5.0,2.0,2.0,2.0,1.0,1.0,1.0,2.0,1.0,3.0,2.0,2.0,1.0,4.0,3.0,1.0,1.0,True
STUDENT46,1.0,2.0,2.0,3.0,2.0,2.0,1.0,3.5,1.0,1.0,2.0,3.0,5.0,1.0,2.0,4.0,3.0,2.0,2.0,1.0,1.0,1.0,1.0,1.0,2.0,2.0,2.0,1.0,4.0,3.0,1.0,3.0,True
STUDENT47,2.0,2.0,2.0,3.0,2.0,2.0,1.0,1.0,1.0,1.0,1.0,2.0,3.0,1.0,2.0,5.0,2.0,2.0,2.0,1.0,1.0,1.0,1.0,1.0,2.0,2.0,3.0,1.0,4.0,2.0,1.0,5.0,False
STUDENT48,2.0,2.0,2.0,3.0,2.0,2.0,1.0,1.0,1.0,2.0,4.0,3.0,1.0,1.0,2.0,4.0,2.0,2.0,2.0,1.0,1.0,1.0,1.0,1.0,2.0,1.0,3.0,2.0,5.0,3.0,1.0,3.0,True
STUDENT49,1.0,2.0,2.0,3.0,2.0,1.0,1.0,1.0,1.0,2.0,3.0,3.0,3.0,1.0,2.0,2.0,1.0,2.0,2.0,1.0,1.0,1.0,1.0,1.0,3.0,2.0,3.0,2.0,2.0,2.0,1.0,1.0,True
STUDENT50,1.0,2.0,2.0,4.0,2.0,2.0,2.0,2.0,3.5,1.0,2.0,3.0,2.0,1.0,2.0,4.0,2.0,2.0,2.0,1.0,1.0,1.0,2.0,1.0,2.0,2.0,2.0,1.0,3.0,2.0,1.0,2.0,True
STUDENT51,2.0,2.0,2.0,3.0,2.0,2.0,1.0,2.0,2.0,1.0,1.0,1.0,2.0,1.0,2.0,3.0,2.0,2.0,2.0,1.0,1.0,1.0,1.0,1.0,2.0,2.0,2.0,3.0,3.0,3.0,1.0,1.0,True
STUDENT52,2.0,1.0,2.0,3.0,1.0,1.0,2.0,1.0,1.0,1.0,1.0,2.0,5.0,1.0,2.0,1.0,1.0,2.0,2.0,1.0,1.0,1.0,1.0,1.0,2.0,3.0,3.0,1.0,3.0,3.0,1.0,4.0,True
STUDENT53,2.0,1.0,2.0,3.0,1.0,2.0,2.0,2.0,1.0,1.0,1.0,3.0,4.0,1.0,2.0,1.0,3.0,2.0,2.0,1.0,1.0,1.0,1.0,1.0,2.0,2.0,2.0,1.0,4.0,2.0,1.0,1.0,True
STUDENT54,2.0,1.0,2.0,3.0,2.0,1.0,2.0,2.0,1.0,1.0,1.0,1.0,5.0,1.0,2.0,1.0,1.0,2.0,2.0,1.0,1.0,1.0,1.0,1.0,2.0,2.0,2.0,2.0,3.0,2.0,1.0,5.0,True
STUDENT55,2.0,2.0,2.0,3.0,2.0,2.0,2.0,3.0,3.5,2.0,1.0,4.0,2.0,1.0,2.0,2.0,2.0,2.0,2.0,1.0,1.0,1.0,1.0,1.0,3.0,1.0,3.0,1.0,5.0,3.0,1.0,3.0,True
STUDENT56,3.0,2.0,2.0,3.0,1.0,2.0,1.0,3.5,1.0,2.0,1.0,1.0,5.0,1.0,2.0,1.0,1.0,2.0,2.0,1.0,1.0,1.0,3.0,1.0,1.0,3.0,3.0,3.0,5.0,4.0,1.0,3.0,True
STUDENT57,2.0,2.0,2.0,3.0,2.0,1.0,2.0,1.0,1.0,1.0,1.0,3.0,5.0,1.0,2.0,4.0,4.0,2.0,2.0,1.0,1.0,1.0,1.0,1.0,3.0,2.0,3.0,3.0,5.0,4.0,1.0,5.0,True
STUDENT58,2.0,2.0,2.0,3.0,1.0,1.0,2.0,1.0,1.0,1.0,4.0,2.0,3.0,1.0,2.0,3.0,2.0,2.0,2.0,1.0,1.0,1.0,1.0,1.0,3.0,2.0,3.0,1.0,5.0,4.0,1.0,4.0,True
STUDENT59,3.0,2.0,2.0,3.0,2.0,2.0,1.0,3.0,1.0,1.0,1.0,3.0,5.0,1.0,2.0,1.0,3.0,2.0,2.0,1.0,1.0,1.0,1.0,1.0,3.0,2.0,2.0,2.0,5.0,4.0,1.0,3.0,True
STUDENT60,2.0,2.0,2.0,3.0,2.0,1.0,1.0,1.0,1.0,1.0,4.0,4.0,3.0,1.0,2.0,3.0,3.0,2.0,2.0,1.0,1.0,1.0,1.0,1.0,3.0,3.0,2.0,2.0,4.0,3.0,1.0,5.0,False
STUDENT61,2.0,1.0,2.0,3.0,2.0,2.0,2.0,3.5,2.0,1.0,6.0,1.0,3.0,1.0,2.0,3.0,1.0,2.0,2.0,1.0,1.0,1.0,1.0,1.0,1.0,3.0,3.0,1.0,2.0,1.0,1.0,2.0,True
STUDENT62,1.0,2.0,2.0,3.0,2.0,1.0,2.0,2.0,1.0,2.0,1.0,3.0,4.0,1.0,2.0,3.0,3.0,2.0,2.0,1.0,1.0,1.0,1.0,1.0,3.0,2.0,2.0,2.0,4.0,4.0,1.0,5.0,True
STUDENT63,2.0,2.0,2.0,3.0,2.0,2.0,2.0,1.0,3.5,2.0,2.0,3.0,2.0,1.0,2.0,4.0,3.0,2.0,2.0,1.0,1.0,1.0,1.0,1.0,2.0,3.0,3.0,2.0,5.0,4.0,1.0,3.0,True
STUDENT64,2.0,2.0,2.0,4.0,2.0,2.0,1.0,2.0,1.0,1.0,1.0,3.0,3.0,1.0,2.0,1.0,1.0,2.0,2.0,1.0,1.0,1.0,3.0,1.0,2.0,2.0,2.0,1.0,3.0,3.0,1.0,5.0,True
STUDENT65,2.0,2.0,2.0,5.0,2.0,2.0,2.0,1.0,1.0,1.0,2.0,2.0,2.0,1.0,2.0,1.0,1.0,2.0,2.0,1.0,1.0,1.0,2.0,1.0,3.0,2.0,3.0,1.0,4.0,3.0,1.0,3.0,True
STUDENT66,1.0,2.0,2.0,3.0,2.0,2.0,1.0,3.0,1.0,1.0,2.0,4.0,3.0,1.0,2.0,4.0,1.0,2.0,2.0,1.0,1.0,1.0,2.0,1.0,2.0,1.0,2.0,1.0,2.0,2.0,1.0,2.0,True
STUDENT67,2.0,2.0,2.0,3.0,2.0,2.0,1.0,1.0,1.0,1.0,3.0,2.0,5.0,1.0,2.0,5.0,2.0,2.0,2.0,1.0,1.0,1.0,1.0,1.0,3.0,2.0,2.0,3.0,5.0,4.0,2.0,5.0,False
STUDENT68,2.0,2.0,2.0,3.0,1.0,1.0,2.0,3.0,1.0,2.0,3.0,4.0,4.0,1.0,2.0,2.0,2.0,2.0,2.0,1.0,1.0,1.0,1.0,1.0,2.0,2.0,1.0,2.0,2.0,3.0,2.0,1.0,True
STUDENT69,2.0,1.0,2.0,4.0,1.0,2.0,2.0,1.0,1.0,1.0,2.0,3.0,5.0,1.0,2.0,5.0,1.0,2.0,2.0,1.0,1.0,1.0,1.0,1.0,2.0,2.0,3.0,2.0,4.0,3.0,3.0,5.0,True
STUDENT70,2.0,1.0,2.0,4.0,2.0,2.0,1.0,1.0,1.0,1.0,2.0,2.0,2.0,1.0,2.0,3.0,1.0,2.0,2.0,1.0,1.0,1.0,2.0,1.0,3.0,2.0,3.0,1.0,3.0,2.0,3.0,5.0,True
STUDENT71,1.0,2.0,2.0,4.0,2.0,1.0,1.0,1.0,1.0,1.0,4.0,3.0,1.0,1.0,2.0,2.0,2.0,2.0,2.0,1.0,1.0,1.0,1.0,1.0,2.0,2.0,3.0,1.0,5.0,4.0,3.0,7.0,True
STUDENT72,1.0,1.0,2.0,4.0,2.0,2.0,2.0,1.0,1.0,3.0,1.0,3.0,5.0,1.0,2.0,4.0,2.0,2.0,2.0,1.0,1.0,1.0,1.0,1.0,2.0,3.0,3.0,3.0,2.0,2.0,3.0,6.0,True
STUDENT73,1.0,2.0,2.0,3.0,2.0,1.0,1.0,1.0,1.0,2.0,1.0,1.0,2.0,1.0,2.0,3.0,2.0,2.0,2.0,1.0,1.0,1.0,1.0,1.0,2.0,2.0,3.0,2.0,3.0,3.0,3.0,6.0,True
STUDENT74,2.0,2.0,2.0,4.0,2.0,2.0,2.0,1.0,1.0,2.0,1.0,3.0,4.0,1.0,2.0,4.0,3.0,2.0,2.0,1.0,1.0,1.0,1.0,1.0,3.0,2.0,3.0,1.0,5.0,3.0,3.0,6.0,True
STUDENT75,1.0,2.0,2.0,4.0,2.0,2.0,2.0,1.0,1.0,1.0,2.0,2.0,3.0,1.0,2.0,1.0,2.0,2.0,2.0,1.0,1.0,1.0,2.0,1.0,3.0,2.0,3.0,2.0,3.0,3.0,3.0,7.0,True
STUDENT76,1.0,2.0,2.0,4.0,2.0,1.0,2.0,1.0,1.0,3.0,1.0,4.5,4.0,1.0,2.0,2.0,3.0,2.0,2.0,1.0,1.0,1.0,1.0,1.0,2.0,2.0,2.0,2.0,4.0,1.0,3.0,7.0,True
STUDENT77,2.0,2.0,2.0,2.0,2.0,1.0,2.0,2.0,1.0,1.0,5.0,4.0,3.0,1.0,2.0,3.0,2.0,2.0,2.0,1.0,1.0,1.0,3.0,1.0,2.0,1.0,2.0,3.0,2.0,2.0,4.0,4.0,True
STUDENT78,1.0,2.0,2.0,2.0,2.0,2.0,1.0,2.0,2.0,2.0,6.0,4.5,2.0,1.0,2.0,2.0,2.0,2.0,2.0,1.0,1.0,1.0,3.0,1.0,2.0,2.0,2.0,2.0,1.0,1.0,4.0,7.0,True
STUDENT79,2.0,1.0,2.0,4.0,1.0,1.0,2.0,1.0,1.0,1.0,1.0,3.0,4.0,1.0,2.0,4.0,2.0,2.0,2.0,1.0,1.0,1.0,1.0,1.0,3.0,3.0,2.0,2.0,2.0,2.0,4.0,4.0,True
STUDENT80,2.0,2.0,2.0,4.0,2.0,2.0,2.0,1.0,1.0,1.0,1.0,3.0,4.0,1.0,2.0,4.0,1.0,2.0,2.0,1.0,1.0,1.0,1.0,1.0,3.0,3.0,3.0,2.0,4.0,4.0,4.0,3.0,True
STUDENT81,2.0,1.0,2.0,3.0,1.0,2.0,1.0,1.0,2.0,1.0,1.0,1.0,2.0,1.0,2.0,3.0,1.0,2.0,2.0,1.0,1.0,1.0,1.0,1.0,2.0,3.0,1.0,2.0,4.0,2.0,5.0,4.0,True
STUDENT82,3.0,2.0,2.0,3.0,1.0,2.0,2.0,1.0,1.0,2.0,1.0,2.0,4.0,1.0,2.0,3.0,2.0,2.0,2.0,1.0,1.0,1.0,1.0,1.0,3.0,3.0,2.0,3.0,5.0,4.0,5.0,3.0,False
STUDENT83,2.0,2.0,2.0,4.0,1.0,2.0,1.0,2.0,1.0,1.0,3.0,1.0,3.0,1.0,2.0,3.0,2.0,2.0,2.0,1.0,1.0,1.0,1.0,1.0,3.0,3.0,2.0,3.0,4.0,3.0,5.0,7.0,True
STUDENT84,2.0,2.0,2.0,3.0,2.0,2.0,2.0,3.0,1.0,1.0,4.0,4.0,2.0,1.0,2.0,2.0,1.0,2.0,2.0,1.0,1.0,1.0,3.0,1.0,3.0,2.0,3.0,3.0,1.0,2.0,5.0,7.0,True
STUDENT85,3.0,2.0,2.0,3.0,1.0,2.0,1.0,3.0,1.0,2.0,4.0,2.0,5.0,1.0,2.0,1.0,1.0,2.0,2.0,1.0,1.0,1.0,3.0,1.0,3.0,3.0,3.0,3.0,5.0,4.0,5.0,7.0,True
STUDENT86,1.0,2.0,2.0,5.0,2.0,2.0,2.0,2.0,1.0,1.0,1.0,1.0,5.0,1.0,2.0,1.0,1.0,2.0,2.0,1.0,1.0,1.0,1.0,1.0,3.0,2.0,3.0,3.0,4.0,3.0,5.0,4.0,True
STUDENT87,2.0,2.0,2.0,4.0,2.0,2.0,2.0,1.0,3.5,2.0,3.0,3.0,2.0,1.0,2.0,1.0,2.0,2.0,2.0,1.0,1.0,1.0,1.0,1.0,3.0,2.0,3.0,2.0,5.0,4.0,5.0,5.0,True
STUDENT88,2.0,2.0,2.0,3.0,2.0,1.0,2.0,2.0,1.0,1.0,3.0,4.0,2.0,1.0,2.0,1.0,2.0,2.0,2.0,1.0,1.0,1.0,2.0,1.0,2.0,2.0,2.0,2.0,1.0,1.0,6.0,6.0,True
STUDENT89,1.0,2.0,2.0,4.0,2.0,1.0,1.0,1.0,1.0,1.0,4.0,4.0,1.0,1.0,2.0,2.0,2.0,2.0,2.0,1.0,1.0,1.0,1.0,1.0,3.0,1.0,2.0,3.0,5.0,3.0,6.0,6.0,True
STUDENT90,2.0,2.0,2.0,3.0,2.0,2.0,2.0,1.0,1.0,1.0,3.0,4.5,3.0,1.0,2.0,2.0,2.0,2.0,2.0,1.0,1.0,1.0,1.0,1.0,3.0,1.0,3.0,3.0,3.0,2.0,6.0,6.0,True
STUDENT91,2.0,1.0,2.0,3.0,2.0,1.0,1.0,1.0,2.0,3.0,3.0,3.0,1.0,1.0,2.0,2.0,2.0,2.0,2.0,1.0,1.0,1.0,1.0,1.0,2.0,3.0,2.0,3.0,4.0,2.0,6.0,6.0,True
STUDENT92,2.0,2.0,2.0,5.0,1.0,1.0,1.0,1.0,1.0,2.0,4.0,1.0,5.0,1.0,2.0,3.0,2.0,2.0,2.0,1.0,1.0,1.0,1.0,1.0,2.0,3.0,3.0,2.0,5.0,4.0,6.0,6.0,False
STUDENT93,1.0,2.0,2.0,3.0,2.0,2.0,2.0,1.0,1.0,1.0,3.0,4.0,4.0,1.0,2.0,2.0,3.0,2.0,2.0,1.0,1.0,1.0,1.0,1.0,3.0,2.0,3.0,3.0,2.0,2.0,6.0,7.0,True
STUDENT94,1.0,2.0,2.0,1.5,1.0,2.0,1.0,1.0,1.0,2.0,1.0,2.0,4.0,1.0,2.0,3.0,4.5,2.0,2.0,1.0,1.0,1.0,1.0,1.0,3.0,3.0,3.0,2.0,2.0,2.0,6.0,4.0,True
STUDENT95,2.0,2.0,2.0,3.0,2.0,2.0,1.0,1.0,1.0,1.0,3.0,2.0,5.0,1.0,2.0,5.0,2.0,2.0,2.0,1.0,1.0,1.0,1.0,1.0,3.0,2.0,2.0,3.0,5.0,4.0,6.0,6.0,True
STUDENT96,1.0,2.0,2.0,5.0,1.0,1.0,1.0,1.0,2.0,3.0,3.0,4.0,1.0,1.0,2.0,1.0,2.0,2.0,2.0,1.0,1.0,1.0,1.0,1.0,3.0,2.0,2.0,1.0,4.0,3.0,7.0,5.0,True
STUDENT97,1.0,2.0,2.0,4.0,2.0,1.0,1.0,1.0,2.0,3.0,2.0,2.0,3.0,1.0,2.0,2.0,2.0,2.0,2.0,1.0,1.0,1.0,1.0,1.0,3.0,2.0,3.0,2.0,2.0,3.0,7.0,7.0,True
STUDENT98,1.0,2.0,2.0,4.0,1.0,2.0,2.0,1.0,1.0,3.0,3.0,3.0,4.0,1.0,2.0,3.0,2.0,2.0,2.0,1.0,1.0,1.0,1.0,1.0,3.0,2.0,2.0,1.0,3.0,3.0,7.0,6.0,False
STUDENT99,1.0,2.0,2.0,4.0,2.0,1.0,2.0,1.0,3.5,2.0,2.0,4.0,2.0,1.0,2.0,5.0,2.0,2.0,2.0,1.0,1.0,1.0,1.0,1.0,3.0,1.0,2.0,1.0,4.0,4.0,7.0,7.0,True
STUDENT100,2.0,2.0,2.0,3.0,2.0,2.0,2.0,1.0,3.5,2.0,3.0,4.0,2.0,1.0,2.0,1.0,3.0,2.0,2.0,1.0,1.0,1.0,1.0,1.0,3.0,2.0,3.0,2.0,2.0,2.0,7.0,7.0,True
STUDENT101,1.0,2.0,2.0,4.0,2.0,2.0,2.0,1.0,2.0,3.0,4.0,1.0,2.0,1.0,2.0,3.0,2.0,2.0,2.0,1.0,1.0,1.0,1.0,1.0,2.0,2.0,2.0,1.0,3.0,3.0,7.0,6.0,True
STUDENT102,1.0,2.0,2.0,4.0,2.0,2.0,1.0,2.0,1.0,3.0,2.0,3.0,1.0,1.0,2.0,4.0,2.0,2.0,2.0,1.0,1.0,1.0,1.0,1.0,3.0,3.0,2.0,1.0,2.0,3.0,7.0,7.0,False
STUDENT103,1.0,2.0,2.0,3.0,2.0,2.0,1.0,1.0,1.0,2.0,3.0,1.0,1.0,1.0,2.0,4.0,2.0,2.0,2.0,1.0,1.0,1.0,1.0,1.0,3.0,1.0,2.0,1.0,3.0,4.0,7.0,7.0,True
STUDENT104,1.0,2.0,2.0,4.0,2.0,2.0,1.0,3.5,1.0,2.0,1.0,3.0,4.0,1.0,2.0,1.0,2.0,2.0,2.0,1.0,1.0,1.0,1.0,1.0,2.0,2.0,3.0,2.0,4.0,4.0,7.0,7.0,True
STUDENT105,1.0,1.0,2.0,3.0,2.0,2.0,2.0,1.0,2.0,2.0,4.0,4.0,1.0,1.0,2.0,2.0,2.0,2.0,2.0,1.0,1.0,1.0,1.0,1.0,2.0,3.0,2.0,2.0,1.0,1.0,7.0,3.0,True
STUDENT106,1.0,2.0,2.0,4.0,1.0,1.0,2.0,1.0,1.0,1.0,2.0,2.0,4.0,1.0,2.0,4.0,2.0,2.0,2.0,1.0,1.0,1.0,1.0,1.0,2.0,1.0,3.0,1.0,3.0,3.0,7.0,7.0,True
STUDENT107,1.0,2.0,2.0,4.0,2.0,1.0,2.0,1.0,1.0,2.0,2.0,2.0,1.0,1.0,2.0,1.0,3.0,2.0,2.0,1.0,1.0,1.0,3.0,1.0,2.0,2.0,2.0,1.0,4.0,4.0,7.0,7.0,True
STUDENT108,1.0,1.0,2.0,4.0,1.0,1.0,2.0,1.0,1.0,3.0,1.0,3.0,5.0,1.0,2.0,4.0,2.0,2.0,2.0,1.0,1.0,1.0,2.0,1.0,2.0,3.0,2.0,1.0,4.0,2.0,7.0,6.0,False
STUDENT109,2.0,1.0,2.0,5.0,2.0,1.0,2.0,2.0,2.0,1.0,1.0,2.0,1.0,1.0,2.0,5.0,3.0,2.0,2.0,1.0,1.0,1.0,1.0,1.0,2.0,3.0,1.0,2.0,3.0,3.0,7.0,6.0,True
STUDENT110,1.0,2.0,2.0,3.0,2.0,1.0,1.0,1.0,2.0,2.0,4.0,4.0,2.0,1.0,2.0,5.0,3.0,2.0,2.0,1.0,1.0,1.0,2.0,1.0,3.0,2.0,3.0,1.0,4.0,4.0,7.0,7.0,True
STUDENT111,2.0,2.0,2.0,3.0,2.0,2.0,2.0,2.0,3.5,2.0,4.0,4.0,2.0,1.0,2.0,5.0,2.0,2.0,2.0,1.0,1.0,1.0,1.0,1.0,2.0,2.0,2.0,1.0,2.0,3.0,8.0,2.0,True
STUDENT112,1.0,1.0,2.0,5.0,2.0,1.0,2.0,1.0,1.0,2.0,3.0,3.0,1.0,1.0,2.0,2.0,1.0,2.0,2.0,1.0,1.0,1.0,1.0,1.0,3.0,1.0,3.0,3.0,4.0,3.0,8.0,2.0,True
STUDENT113,2.0,1.0,2.0,3.0,1.0,2.0,2.0,1.0,3.0,3.0,1.0,1.0,2.0,1.0,2.0,1.0,1.0,2.0,2.0,1.0,1.0,1.0,2.0,1.0,3.0,3.0,3.0,1.0,4.0,2.0,8.0,2.0,True
STUDENT114,2.0,1.0,2.0,3.0,2.0,2.0,2.0,1.0,3.5,2.0,4.0,4.0,1.0,1.0,2.0,2.0,2.0,2.0,2.0,1.0,1.0,1.0,2.0,1.0,2.0,2.0,1.0,1.0,1.0,2.0,8.0,1.0,True
STUDENT115,2.0,1.0,2.0,5.0,1.0,1.0,2.0,3.5,1.0,1.0,1.0,1.0,1.0,1.0,2.0,1.0,2.0,2.0,2.0,1.0,1.0,1.0,1.0,1.0,2.0,2.0,1.0,2.0,1.0,1.0,8.0,2.0,True
STUDENT116,2.0,1.0,2.0,5.0,1.0,2.0,1.0,1.0,1.0,1.0,1.0,1.0,2.0,1.0,2.0,2.0,3.0,2.0,2.0,1.0,1.0,1.0,2.0,1.0,3.0,2.0,3.0,2.0,2.0,2.0,8.0,1.0,True
STUDENT117,2.0,1.0,2.0,5.0,2.0,2.0,2.0,1.0,1.0,1.0,1.0,1.0,5.0,1.0,2.0,4.0,3.0,2.0,2.0,1.0,1.0,1.0,1.0,1.0,3.0,3.0,3.0,1.0,2.0,3.0,8.0,1.0,True
STUDENT118,3.0,1.0,2.0,3.0,2.0,1.0,2.0,1.0,1.0,2.0,4.0,4.0,1.0,1.0,2.0,3.0,2.0,2.0,2.0,1.0,1.0,1.0,1.0,1.0,2.0,3.0,2.0,1.0,2.0,3.0,8.0,1.0,True
STUDENT119,1.0,2.0,2.0,5.0,2.0,1.0,1.0,1.0,3.5,2.0,1.0,2.0,3.0,1.0,2.0,4.0,1.0,2.0,2.0,1.0,1.0,1.0,3.0,1.0,3.0,3.0,2.0,2.0,3.0,3.0,8.0,1.0,True
STUDENT120,2.0,1.0,2.0,4.0,2.0,1.0,2.0,1.0,1.0,2.0,3.0,3.0,2.0,1.0,2.0,5.0,4.5,2.0,2.0,1.0,1.0,1.0,1.0,1.0,2.0,2.0,3.0,1.0,3.0,3.0,8.0,2.0,True
STUDENT121,2.0,1.0,2.0,3.0,1.0,1.0,1.0,2.0,2.0,3.0,3.0,3.0,2.0,1.0,2.0,4.0,1.0,2.0,2.0,1.0,1.0,1.0,2.0,1.0,3.0,3.0,3.0,2.0,2.0,2.0,8.0,1.0,True
STUDENT122,2.0,1.0,2.0,3.0,1.0,1.0,1.0,1.0,2.0,1.0,1.0,1.0,5.0,1.0,2.0,4.0,4.5,2.0,2.0,1.0,1.0,1.0,2.0,1.0,1.0,1.0,1.0,1.0,1.0,1.0,8.0,0.0,True
STUDENT123,1.0,2.0,2.0,5.0,2.0,1.0,2.0,1.0,1.0,1.0,3.0,3.0,2.0,1.0,2.0,1.0,2.0,2.0,2.0,1.0,1.0,1.0,2.0,1.0,3.0,2.0,2.0,1.0,4.0,3.0,8.0,2.0,True
STUDENT124,2.0,1.0,2.0,3.0,2.0,2.0,2.0,3.0,1.0,1.0,3.0,2.0,4.0,1.0,2.0,1.0,2.0,2.0,2.0,1.0,1.0,1.0,1.0,1.0,3.0,3.0,2.0,1.0,1.0,1.0,8.0,1.0,True
STUDENT125,1.0,1.0,2.0,4.0,1.0,1.0,1.0,1.0,1.0,3.0,2.0,3.0,2.0,1.0,2.0,3.0,4.0,2.0,2.0,1.0,1.0,1.0,2.0,1.0,3.0,3.0,2.0,1.0,3.0,3.0,9.0,3.0,True
STUDENT126,1.0,1.0,2.0,5.0,1.0,1.0,2.0,1.0,1.0,3.0,1.0,1.0,5.0,1.0,2.0,3.0,3.0,2.0,2.0,1.0,1.0,1.0,1.0,1.0,3.0,2.0,3.0,1.0,1.0,3.0,9.0,2.0,True
STUDENT127,1.0,1.0,2.0,4.0,1.0,1.0,1.0,3.0,2.0,3.0,4.0,4.5,2.0,1.0,2.0,3.0,4.0,2.0,2.0,1.0,1.0,1.0,2.0,1.0,3.0,3.0,3.0,1.0,2.0,2.0,9.0,3.0,True
STUDENT128,1.0,1.0,2.0,4.0,2.0,2.0,2.0,1.0,3.5,3.0,3.0,2.0,2.0,1.0,2.0,4.0,2.0,2.0,2.0,1.0,1.0,1.0,1.0,1.0,3.0,2.0,2.0,1.0,2.0,2.0,9.0,1.0,True
STUDENT129,1.0,1.0,2.0,4.0,2.0,1.0,1.0,1.0,3.5,3.0,3.0,4.0,2.0,1.0,2.0,2.0,2.0,2.0,2.0,1.0,1.0,1.0,1.0,1.0,3.0,2.0,2.0,1.0,2.0,2.0,9.0,0.0,True
STUDENT130,1.0,1.0,2.0,3.0,1.0,1.0,2.0,1.0,1.0,1.0,1.0,1.0,3.0,1.0,2.0,4.0,4.0,2.0,2.0,1.0,1.0,1.0,2.0,1.0,3.0,2.0,3.0,2.0,2.0,3.0,9.0,3.0,True
STUDENT131,1.0,1.0,2.0,3.0,1.0,1.0,2.0,1.0,1.0,1.0,1.0,2.0,3.0,1.0,2.0,4.0,4.0,2.0,2.0,1.0,1.0,1.0,1.0,1.0,3.0,1.0,3.0,2.0,2.0,3.0,9.0,1.0,True
STUDENT132,1.0,1.0,2.0,5.0,2.0,1.0,2.0,1.0,2.0,2.0,4.0,3.0,1.0,1.0,2.0,2.0,4.0,2.0,2.0,1.0,1.0,1.0,1.0,1.0,3.0,2.0,3.0,1.0,5.0,3.0,9.0,4.0,True
STUDENT133,1.0,1.0,2.0,5.0,2.0,1.0,2.0,1.0,1.0,2.0,1.0,2.0,3.0,1.0,2.0,1.0,2.0,2.0,2.0,1.0,1.0,1.0,2.0,1.0,3.0,2.0,3.0,1.0,5.0,4.0,9.0,3.0,True
STUDENT134,1.0,1.0,2.0,5.0,2.0,2.0,1.0,1.0,1.0,1.0,1.0,1.0,1.0,1.0,2.0,3.0,3.0,2.0,2.0,1.0,1.0,1.0,1.0,1.0,3.0,3.0,3.0,2.0,5.0,3.0,9.0,3.0,True
STUDENT135,1.0,1.0,2.0,4.0,2.0,1.0,2.0,1.0,2.0,3.0,1.0,1.0,2.0,1.0,2.0,3.0,2.0,2.0,2.0,1.0,1.0,1.0,1.0,1.0,2.0,1.0,2.0,1.0,2.0,3.0,9.0,1.0,True
STUDENT136,2.0,1.0,2.0,3.0,1.0,1.0,2.0,1.0,3.5,2.0,3.0,3.0,1.0,1.0,2.0,1.0,2.0,2.0,2.0,1.0,1.0,1.0,1.0,1.0,3.0,3.0,2.0,1.0,3.0,2.0,9.0,2.0,True
STUDENT137,1.0,1.0,2.0,3.0,1.0,1.0,1.0,1.0,2.0,3.0,3.0,3.0,3.0,1.0,2.0,4.0,2.0,2.0,2.0,1.0,1.0,1.0,3.0,1.0,3.0,2.0,2.0,1.0,2.0,2.0,9.0,0.0,True
STUDENT138,1.0,1.0,2.0,5.0,2.0,1.0,2.0,1.0,1.0,1.0,2.0,2.0,2.0,1.0,2.0,1.0,2.0,2.0,2.0,1.0,1.0,1.0,1.0,1.0,3.0,1.0,3.0,1.0,2.0,4.0,9.0,2.0,True
STUDENT139,1.0,1.0,2.0,4.0,1.0,1.0,1.0,3.5,2.0,3.0,3.0,1.0,1.0,1.0,2.0,5.0,2.0,2.0,2.0,1.0,1.0,1.0,2.0,1.0,3.0,2.0,3.0,1.0,1.0,3.0,9.0,0.0,True
STUDENT140,1.0,1.0,2.0,4.0,1.0,2.0,1.0,2.0,2.0,3.0,3.0,3.0,1.0,1.0,2.0,4.0,1.0,2.0,2.0,1.0,1.0,1.0,2.0,1.0,2.0,3.0,2.0,1.0,1.0,2.0,9.0,0.0,True
STUDENT141,2.0,1.0,2.0,3.0,1.0,1.0,2.0,1.0,1.0,2.0,1.0,2.0,2.0,1.0,2.0,4.0,3.0,2.0,2.0,1.0,1.0,1.0,1.0,1.0,2.0,1.0,2.0,1.0,3.0,3.0,9.0,5.0,True
STUDENT142,1.0,1.0,2.0,4.0,2.0,2.0,2.0,1.0,3.5,2.0,1.0,1.0,5.0,1.0,2.0,1.0,3.0,2.0,2.0,1.0,1.0,1.0,1.0,1.0,3.0,2.0,2.0,1.0,5.0,3.0,9.0,5.0,True
STUDENT143,1.0,1.0,2.0,4.0,2.0,2.0,2.0,1.0,1.0,1.0,3.0,4.0,4.0,1.0,2.0,4.0,2.0,2.0,2.0,1.0,1.0,1.0,1.0,1.0,3.0,3.0,2.0,1.0,4.0,3.0,9.0,1.0,True
STUDENT144,2.0,1.0,2.0,4.0,1.0,1.0,1.0,3.5,2.0,3.0,4.0,4.0,1.0,1.0,2.0,3.0,2.0,2.0,2.0,1.0,1.0,1.0,2.0,1.0,2.0,1.0,2.0,1.0,5.0,3.0,9.0,4.0,True
STUDENT145,1.0,1.0,2.0,5.0,2.0,2.0,2.0,3.0,1.0,1.0,3.0,1.0,5.0,1.0,2.0,4.0,3.0,2.0,2.0,1.0,1.0,1.0,2.0,1.0,3.0,2.0,3.0,1.0,5.0,4.0,9.0,3.0,True
